rational,denominator,classification,period,transient
1/2,2,REACHES_ONE,0,1
1/3,3,PERIODIC,2,0
2/3,3,PERIODIC,2,0
1/4,4,REACHES_ONE,0,2
1/2,4,REACHES_ONE,0,1
3/4,4,REACHES_ONE,0,2
1/5,5,PERIODIC,4,0
2/5,5,PERIODIC,4,0
3/5,5,PERIODIC,4,0
4/5,5,PERIODIC,4,0
1/6,6,PERIODIC,2,0
1/3,6,PERIODIC,2,0
1/2,6,REACHES_ONE,0,1
2/3,6,PERIODIC,2,0
5/6,6,PERIODIC,2,0
1/7,7,PERIODIC,3,0
2/7,7,PERIODIC,3,0
3/7,7,PERIODIC,3,0
4/7,7,PERIODIC,3,0
5/7,7,PERIODIC,3,0
6/7,7,PERIODIC,3,0
1/8,8,REACHES_ONE,0,3
1/4,8,REACHES_ONE,0,2
3/8,8,REACHES_ONE,0,3
1/2,8,REACHES_ONE,0,1
5/8,8,REACHES_ONE,0,3
3/4,8,REACHES_ONE,0,2
7/8,8,REACHES_ONE,0,3
1/9,9,PERIODIC,6,0
2/9,9,PERIODIC,6,0
1/3,9,PERIODIC,2,0
4/9,9,PERIODIC,6,0
5/9,9,PERIODIC,6,0
2/3,9,PERIODIC,2,0
7/9,9,PERIODIC,6,0
8/9,9,PERIODIC,6,0
1/10,10,PERIODIC,4,0
1/5,10,PERIODIC,4,0
3/10,10,PERIODIC,4,0
2/5,10,PERIODIC,4,0
1/2,10,REACHES_ONE,0,1
3/5,10,PERIODIC,4,0
7/10,10,PERIODIC,4,0
4/5,10,PERIODIC,4,0
9/10,10,PERIODIC,4,0
1/11,11,PERIODIC,10,0
2/11,11,PERIODIC,10,0
3/11,11,PERIODIC,10,0
4/11,11,PERIODIC,10,0
5/11,11,PERIODIC,10,0
6/11,11,PERIODIC,10,0
7/11,11,PERIODIC,10,0
8/11,11,PERIODIC,10,0
9/11,11,PERIODIC,10,0
10/11,11,PERIODIC,10,0
1/12,12,PERIODIC,2,1
1/6,12,PERIODIC,2,0
1/4,12,REACHES_ONE,0,2
1/3,12,PERIODIC,2,0
5/12,12,PERIODIC,2,1
1/2,12,REACHES_ONE,0,1
7/12,12,PERIODIC,2,1
2/3,12,PERIODIC,2,0
3/4,12,REACHES_ONE,0,2
5/6,12,PERIODIC,2,0
11/12,12,PERIODIC,2,1
1/13,13,PERIODIC,12,0
2/13,13,PERIODIC,12,0
3/13,13,PERIODIC,12,0
4/13,13,PERIODIC,12,0
5/13,13,PERIODIC,12,0
6/13,13,PERIODIC,12,0
7/13,13,PERIODIC,12,0
8/13,13,PERIODIC,12,0
9/13,13,PERIODIC,12,0
10/13,13,PERIODIC,12,0
11/13,13,PERIODIC,12,0
12/13,13,PERIODIC,12,0
1/14,14,PERIODIC,3,0
1/7,14,PERIODIC,3,0
3/14,14,PERIODIC,3,0
2/7,14,PERIODIC,3,0
5/14,14,PERIODIC,3,0
3/7,14,PERIODIC,3,0
1/2,14,REACHES_ONE,0,1
4/7,14,PERIODIC,3,0
9/14,14,PERIODIC,3,0
5/7,14,PERIODIC,3,0
11/14,14,PERIODIC,3,0
6/7,14,PERIODIC,3,0
13/14,14,PERIODIC,3,0
1/15,15,PERIODIC,4,0
2/15,15,PERIODIC,4,0
1/5,15,PERIODIC,4,0
4/15,15,PERIODIC,4,0
1/3,15,PERIODIC,2,0
2/5,15,PERIODIC,4,0
7/15,15,PERIODIC,4,0
8/15,15,PERIODIC,4,0
3/5,15,PERIODIC,4,0
2/3,15,PERIODIC,2,0
11/15,15,PERIODIC,4,0
4/5,15,PERIODIC,4,0
13/15,15,PERIODIC,4,0
14/15,15,PERIODIC,4,0
1/16,16,REACHES_ONE,0,4
1/8,16,REACHES_ONE,0,3
3/16,16,REACHES_ONE,0,4
1/4,16,REACHES_ONE,0,2
5/16,16,REACHES_ONE,0,4
3/8,16,REACHES_ONE,0,3
7/16,16,REACHES_ONE,0,4
1/2,16,REACHES_ONE,0,1
9/16,16,REACHES_ONE,0,4
5/8,16,REACHES_ONE,0,3
11/16,16,REACHES_ONE,0,4
3/4,16,REACHES_ONE,0,2
13/16,16,REACHES_ONE,0,4
7/8,16,REACHES_ONE,0,3
15/16,16,REACHES_ONE,0,4
1/17,17,PERIODIC,8,0
2/17,17,PERIODIC,8,0
3/17,17,PERIODIC,8,0
4/17,17,PERIODIC,8,0
5/17,17,PERIODIC,8,0
6/17,17,PERIODIC,8,0
7/17,17,PERIODIC,8,0
8/17,17,PERIODIC,8,0
9/17,17,PERIODIC,8,0
10/17,17,PERIODIC,8,0
11/17,17,PERIODIC,8,0
12/17,17,PERIODIC,8,0
13/17,17,PERIODIC,8,0
14/17,17,PERIODIC,8,0
15/17,17,PERIODIC,8,0
16/17,17,PERIODIC,8,0
1/18,18,PERIODIC,6,0
1/9,18,PERIODIC,6,0
1/6,18,PERIODIC,2,0
2/9,18,PERIODIC,6,0
5/18,18,PERIODIC,6,0
1/3,18,PERIODIC,2,0
7/18,18,PERIODIC,6,0
4/9,18,PERIODIC,6,0
1/2,18,REACHES_ONE,0,1
5/9,18,PERIODIC,6,0
11/18,18,PERIODIC,6,0
2/3,18,PERIODIC,2,0
13/18,18,PERIODIC,6,0
7/9,18,PERIODIC,6,0
5/6,18,PERIODIC,2,0
8/9,18,PERIODIC,6,0
17/18,18,PERIODIC,6,0
1/19,19,PERIODIC,18,0
2/19,19,PERIODIC,18,0
3/19,19,PERIODIC,18,0
4/19,19,PERIODIC,18,0
5/19,19,PERIODIC,18,0
6/19,19,PERIODIC,18,0
7/19,19,PERIODIC,18,0
8/19,19,PERIODIC,18,0
9/19,19,PERIODIC,18,0
10/19,19,PERIODIC,18,0
11/19,19,PERIODIC,18,0
12/19,19,PERIODIC,18,0
13/19,19,PERIODIC,18,0
14/19,19,PERIODIC,18,0
15/19,19,PERIODIC,18,0
16/19,19,PERIODIC,18,0
17/19,19,PERIODIC,18,0
18/19,19,PERIODIC,18,0
1/20,20,PERIODIC,4,1
1/10,20,PERIODIC,4,0
3/20,20,PERIODIC,4,1
1/5,20,PERIODIC,4,0
1/4,20,REACHES_ONE,0,2
3/10,20,PERIODIC,4,0
7/20,20,PERIODIC,4,1
2/5,20,PERIODIC,4,0
9/20,20,PERIODIC,4,1
1/2,20,REACHES_ONE,0,1
11/20,20,PERIODIC,4,1
3/5,20,PERIODIC,4,0
13/20,20,PERIODIC,4,1
7/10,20,PERIODIC,4,0
3/4,20,REACHES_ONE,0,2
4/5,20,PERIODIC,4,0
17/20,20,PERIODIC,4,1
9/10,20,PERIODIC,4,0
19/20,20,PERIODIC,4,1
1/21,21,PERIODIC,6,0
2/21,21,PERIODIC,6,0
1/7,21,PERIODIC,3,0
4/21,21,PERIODIC,6,0
5/21,21,PERIODIC,6,0
2/7,21,PERIODIC,3,0
1/3,21,PERIODIC,2,0
8/21,21,PERIODIC,6,0
3/7,21,PERIODIC,3,0
10/21,21,PERIODIC,6,0
11/21,21,PERIODIC,6,0
4/7,21,PERIODIC,3,0
13/21,21,PERIODIC,6,0
2/3,21,PERIODIC,2,0
5/7,21,PERIODIC,3,0
16/21,21,PERIODIC,6,0
17/21,21,PERIODIC,6,0
6/7,21,PERIODIC,3,0
19/21,21,PERIODIC,6,0
20/21,21,PERIODIC,6,0
1/22,22,PERIODIC,10,0
1/11,22,PERIODIC,10,0
3/22,22,PERIODIC,10,0
2/11,22,PERIODIC,10,0
5/22,22,PERIODIC,10,0
3/11,22,PERIODIC,10,0
7/22,22,PERIODIC,10,0
4/11,22,PERIODIC,10,0
9/22,22,PERIODIC,10,0
5/11,22,PERIODIC,10,0
1/2,22,REACHES_ONE,0,1
6/11,22,PERIODIC,10,0
13/22,22,PERIODIC,10,0
7/11,22,PERIODIC,10,0
15/22,22,PERIODIC,10,0
8/11,22,PERIODIC,10,0
17/22,22,PERIODIC,10,0
9/11,22,PERIODIC,10,0
19/22,22,PERIODIC,10,0
10/11,22,PERIODIC,10,0
21/22,22,PERIODIC,10,0
1/23,23,PERIODIC,11,0
2/23,23,PERIODIC,11,0
3/23,23,PERIODIC,11,0
4/23,23,PERIODIC,11,0
5/23,23,PERIODIC,11,0
6/23,23,PERIODIC,11,0
7/23,23,PERIODIC,11,0
8/23,23,PERIODIC,11,0
9/23,23,PERIODIC,11,0
10/23,23,PERIODIC,11,0
11/23,23,PERIODIC,11,0
12/23,23,PERIODIC,11,0
13/23,23,PERIODIC,11,0
14/23,23,PERIODIC,11,0
15/23,23,PERIODIC,11,0
16/23,23,PERIODIC,11,0
17/23,23,PERIODIC,11,0
18/23,23,PERIODIC,11,0
19/23,23,PERIODIC,11,0
20/23,23,PERIODIC,11,0
21/23,23,PERIODIC,11,0
22/23,23,PERIODIC,11,0
1/24,24,PERIODIC,2,2
1/12,24,PERIODIC,2,1
1/8,24,REACHES_ONE,0,3
1/6,24,PERIODIC,2,0
5/24,24,PERIODIC,2,2
1/4,24,REACHES_ONE,0,2
7/24,24,PERIODIC,2,2
1/3,24,PERIODIC,2,0
3/8,24,REACHES_ONE,0,3
5/12,24,PERIODIC,2,1
11/24,24,PERIODIC,2,2
1/2,24,REACHES_ONE,0,1
13/24,24,PERIODIC,2,2
7/12,24,PERIODIC,2,1
5/8,24,REACHES_ONE,0,3
2/3,24,PERIODIC,2,0
17/24,24,PERIODIC,2,2
3/4,24,REACHES_ONE,0,2
19/24,24,PERIODIC,2,2
5/6,24,PERIODIC,2,0
7/8,24,REACHES_ONE,0,3
11/12,24,PERIODIC,2,1
23/24,24,PERIODIC,2,2
1/25,25,PERIODIC,20,0
2/25,25,PERIODIC,20,0
3/25,25,PERIODIC,20,0
4/25,25,PERIODIC,20,0
1/5,25,PERIODIC,4,0
6/25,25,PERIODIC,20,0
7/25,25,PERIODIC,20,0
8/25,25,PERIODIC,20,0
9/25,25,PERIODIC,20,0
2/5,25,PERIODIC,4,0
11/25,25,PERIODIC,20,0
12/25,25,PERIODIC,20,0
13/25,25,PERIODIC,20,0
14/25,25,PERIODIC,20,0
3/5,25,PERIODIC,4,0
16/25,25,PERIODIC,20,0
17/25,25,PERIODIC,20,0
18/25,25,PERIODIC,20,0
19/25,25,PERIODIC,20,0
4/5,25,PERIODIC,4,0
21/25,25,PERIODIC,20,0
22/25,25,PERIODIC,20,0
23/25,25,PERIODIC,20,0
24/25,25,PERIODIC,20,0
1/26,26,PERIODIC,12,0
1/13,26,PERIODIC,12,0
3/26,26,PERIODIC,12,0
2/13,26,PERIODIC,12,0
5/26,26,PERIODIC,12,0
3/13,26,PERIODIC,12,0
7/26,26,PERIODIC,12,0
4/13,26,PERIODIC,12,0
9/26,26,PERIODIC,12,0
5/13,26,PERIODIC,12,0
11/26,26,PERIODIC,12,0
6/13,26,PERIODIC,12,0
1/2,26,REACHES_ONE,0,1
7/13,26,PERIODIC,12,0
15/26,26,PERIODIC,12,0
8/13,26,PERIODIC,12,0
17/26,26,PERIODIC,12,0
9/13,26,PERIODIC,12,0
19/26,26,PERIODIC,12,0
10/13,26,PERIODIC,12,0
21/26,26,PERIODIC,12,0
11/13,26,PERIODIC,12,0
23/26,26,PERIODIC,12,0
12/13,26,PERIODIC,12,0
25/26,26,PERIODIC,12,0
1/27,27,PERIODIC,18,0
2/27,27,PERIODIC,18,0
1/9,27,PERIODIC,6,0
4/27,27,PERIODIC,18,0
5/27,27,PERIODIC,18,0
2/9,27,PERIODIC,6,0
7/27,27,PERIODIC,18,0
8/27,27,PERIODIC,18,0
1/3,27,PERIODIC,2,0
10/27,27,PERIODIC,18,0
11/27,27,PERIODIC,18,0
4/9,27,PERIODIC,6,0
13/27,27,PERIODIC,18,0
14/27,27,PERIODIC,18,0
5/9,27,PERIODIC,6,0
16/27,27,PERIODIC,18,0
17/27,27,PERIODIC,18,0
2/3,27,PERIODIC,2,0
19/27,27,PERIODIC,18,0
20/27,27,PERIODIC,18,0
7/9,27,PERIODIC,6,0
22/27,27,PERIODIC,18,0
23/27,27,PERIODIC,18,0
8/9,27,PERIODIC,6,0
25/27,27,PERIODIC,18,0
26/27,27,PERIODIC,18,0
1/28,28,PERIODIC,3,1
1/14,28,PERIODIC,3,0
3/28,28,PERIODIC,3,1
1/7,28,PERIODIC,3,0
5/28,28,PERIODIC,3,1
3/14,28,PERIODIC,3,0
1/4,28,REACHES_ONE,0,2
2/7,28,PERIODIC,3,0
9/28,28,PERIODIC,3,1
5/14,28,PERIODIC,3,0
11/28,28,PERIODIC,3,1
3/7,28,PERIODIC,3,0
13/28,28,PERIODIC,3,1
1/2,28,REACHES_ONE,0,1
15/28,28,PERIODIC,3,1
4/7,28,PERIODIC,3,0
17/28,28,PERIODIC,3,1
9/14,28,PERIODIC,3,0
19/28,28,PERIODIC,3,1
5/7,28,PERIODIC,3,0
3/4,28,REACHES_ONE,0,2
11/14,28,PERIODIC,3,0
23/28,28,PERIODIC,3,1
6/7,28,PERIODIC,3,0
25/28,28,PERIODIC,3,1
13/14,28,PERIODIC,3,0
27/28,28,PERIODIC,3,1
1/29,29,PERIODIC,28,0
2/29,29,PERIODIC,28,0
3/29,29,PERIODIC,28,0
4/29,29,PERIODIC,28,0
5/29,29,PERIODIC,28,0
6/29,29,PERIODIC,28,0
7/29,29,PERIODIC,28,0
8/29,29,PERIODIC,28,0
9/29,29,PERIODIC,28,0
10/29,29,PERIODIC,28,0
11/29,29,PERIODIC,28,0
12/29,29,PERIODIC,28,0
13/29,29,PERIODIC,28,0
14/29,29,PERIODIC,28,0
15/29,29,PERIODIC,28,0
16/29,29,PERIODIC,28,0
17/29,29,PERIODIC,28,0
18/29,29,PERIODIC,28,0
19/29,29,PERIODIC,28,0
20/29,29,PERIODIC,28,0
21/29,29,PERIODIC,28,0
22/29,29,PERIODIC,28,0
23/29,29,PERIODIC,28,0
24/29,29,PERIODIC,28,0
25/29,29,PERIODIC,28,0
26/29,29,PERIODIC,28,0
27/29,29,PERIODIC,28,0
28/29,29,PERIODIC,28,0
1/30,30,PERIODIC,4,0
1/15,30,PERIODIC,4,0
1/10,30,PERIODIC,4,0
2/15,30,PERIODIC,4,0
1/6,30,PERIODIC,2,0
1/5,30,PERIODIC,4,0
7/30,30,PERIODIC,4,0
4/15,30,PERIODIC,4,0
3/10,30,PERIODIC,4,0
1/3,30,PERIODIC,2,0
11/30,30,PERIODIC,4,0
2/5,30,PERIODIC,4,0
13/30,30,PERIODIC,4,0
7/15,30,PERIODIC,4,0
1/2,30,REACHES_ONE,0,1
8/15,30,PERIODIC,4,0
17/30,30,PERIODIC,4,0
3/5,30,PERIODIC,4,0
19/30,30,PERIODIC,4,0
2/3,30,PERIODIC,2,0
7/10,30,PERIODIC,4,0
11/15,30,PERIODIC,4,0
23/30,30,PERIODIC,4,0
4/5,30,PERIODIC,4,0
5/6,30,PERIODIC,2,0
13/15,30,PERIODIC,4,0
9/10,30,PERIODIC,4,0
14/15,30,PERIODIC,4,0
29/30,30,PERIODIC,4,0
1/31,31,PERIODIC,5,0
2/31,31,PERIODIC,5,0
3/31,31,PERIODIC,5,0
4/31,31,PERIODIC,5,0
5/31,31,PERIODIC,5,0
6/31,31,PERIODIC,5,0
7/31,31,PERIODIC,5,0
8/31,31,PERIODIC,5,0
9/31,31,PERIODIC,5,0
10/31,31,PERIODIC,5,0
11/31,31,PERIODIC,5,0
12/31,31,PERIODIC,5,0
13/31,31,PERIODIC,5,0
14/31,31,PERIODIC,5,0
15/31,31,PERIODIC,5,0
16/31,31,PERIODIC,5,0
17/31,31,PERIODIC,5,0
18/31,31,PERIODIC,5,0
19/31,31,PERIODIC,5,0
20/31,31,PERIODIC,5,0
21/31,31,PERIODIC,5,0
22/31,31,PERIODIC,5,0
23/31,31,PERIODIC,5,0
24/31,31,PERIODIC,5,0
25/31,31,PERIODIC,5,0
26/31,31,PERIODIC,5,0
27/31,31,PERIODIC,5,0
28/31,31,PERIODIC,5,0
29/31,31,PERIODIC,5,0
30/31,31,PERIODIC,5,0
1/32,32,REACHES_ONE,0,5
1/16,32,REACHES_ONE,0,4
3/32,32,REACHES_ONE,0,5
1/8,32,REACHES_ONE,0,3
5/32,32,REACHES_ONE,0,5
3/16,32,REACHES_ONE,0,4
7/32,32,REACHES_ONE,0,5
1/4,32,REACHES_ONE,0,2
9/32,32,REACHES_ONE,0,5
5/16,32,REACHES_ONE,0,4
11/32,32,REACHES_ONE,0,5
3/8,32,REACHES_ONE,0,3
13/32,32,REACHES_ONE,0,5
7/16,32,REACHES_ONE,0,4
15/32,32,REACHES_ONE,0,5
1/2,32,REACHES_ONE,0,1
17/32,32,REACHES_ONE,0,5
9/16,32,REACHES_ONE,0,4
19/32,32,REACHES_ONE,0,5
5/8,32,REACHES_ONE,0,3
21/32,32,REACHES_ONE,0,5
11/16,32,REACHES_ONE,0,4
23/32,32,REACHES_ONE,0,5
3/4,32,REACHES_ONE,0,2
25/32,32,REACHES_ONE,0,5
13/16,32,REACHES_ONE,0,4
27/32,32,REACHES_ONE,0,5
7/8,32,REACHES_ONE,0,3
29/32,32,REACHES_ONE,0,5
15/16,32,REACHES_ONE,0,4
31/32,32,REACHES_ONE,0,5
1/33,33,PERIODIC,10,0
2/33,33,PERIODIC,10,0
1/11,33,PERIODIC,10,0
4/33,33,PERIODIC,10,0
5/33,33,PERIODIC,10,0
2/11,33,PERIODIC,10,0
7/33,33,PERIODIC,10,0
8/33,33,PERIODIC,10,0
3/11,33,PERIODIC,10,0
10/33,33,PERIODIC,10,0
1/3,33,PERIODIC,2,0
4/11,33,PERIODIC,10,0
13/33,33,PERIODIC,10,0
14/33,33,PERIODIC,10,0
5/11,33,PERIODIC,10,0
16/33,33,PERIODIC,10,0
17/33,33,PERIODIC,10,0
6/11,33,PERIODIC,10,0
19/33,33,PERIODIC,10,0
20/33,33,PERIODIC,10,0
7/11,33,PERIODIC,10,0
2/3,33,PERIODIC,2,0
23/33,33,PERIODIC,10,0
8/11,33,PERIODIC,10,0
25/33,33,PERIODIC,10,0
26/33,33,PERIODIC,10,0
9/11,33,PERIODIC,10,0
28/33,33,PERIODIC,10,0
29/33,33,PERIODIC,10,0
10/11,33,PERIODIC,10,0
31/33,33,PERIODIC,10,0
32/33,33,PERIODIC,10,0
1/34,34,PERIODIC,8,0
1/17,34,PERIODIC,8,0
3/34,34,PERIODIC,8,0
2/17,34,PERIODIC,8,0
5/34,34,PERIODIC,8,0
3/17,34,PERIODIC,8,0
7/34,34,PERIODIC,8,0
4/17,34,PERIODIC,8,0
9/34,34,PERIODIC,8,0
5/17,34,PERIODIC,8,0
11/34,34,PERIODIC,8,0
6/17,34,PERIODIC,8,0
13/34,34,PERIODIC,8,0
7/17,34,PERIODIC,8,0
15/34,34,PERIODIC,8,0
8/17,34,PERIODIC,8,0
1/2,34,REACHES_ONE,0,1
9/17,34,PERIODIC,8,0
19/34,34,PERIODIC,8,0
10/17,34,PERIODIC,8,0
21/34,34,PERIODIC,8,0
11/17,34,PERIODIC,8,0
23/34,34,PERIODIC,8,0
12/17,34,PERIODIC,8,0
25/34,34,PERIODIC,8,0
13/17,34,PERIODIC,8,0
27/34,34,PERIODIC,8,0
14/17,34,PERIODIC,8,0
29/34,34,PERIODIC,8,0
15/17,34,PERIODIC,8,0
31/34,34,PERIODIC,8,0
16/17,34,PERIODIC,8,0
33/34,34,PERIODIC,8,0
1/35,35,PERIODIC,12,0
2/35,35,PERIODIC,12,0
3/35,35,PERIODIC,12,0
4/35,35,PERIODIC,12,0
1/7,35,PERIODIC,3,0
6/35,35,PERIODIC,12,0
1/5,35,PERIODIC,4,0
8/35,35,PERIODIC,12,0
9/35,35,PERIODIC,12,0
2/7,35,PERIODIC,3,0
11/35,35,PERIODIC,12,0
12/35,35,PERIODIC,12,0
13/35,35,PERIODIC,12,0
2/5,35,PERIODIC,4,0
3/7,35,PERIODIC,3,0
16/35,35,PERIODIC,12,0
17/35,35,PERIODIC,12,0
18/35,35,PERIODIC,12,0
19/35,35,PERIODIC,12,0
4/7,35,PERIODIC,3,0
3/5,35,PERIODIC,4,0
22/35,35,PERIODIC,12,0
23/35,35,PERIODIC,12,0
24/35,35,PERIODIC,12,0
5/7,35,PERIODIC,3,0
26/35,35,PERIODIC,12,0
27/35,35,PERIODIC,12,0
4/5,35,PERIODIC,4,0
29/35,35,PERIODIC,12,0
6/7,35,PERIODIC,3,0
31/35,35,PERIODIC,12,0
32/35,35,PERIODIC,12,0
33/35,35,PERIODIC,12,0
34/35,35,PERIODIC,12,0
1/36,36,PERIODIC,6,1
1/18,36,PERIODIC,6,0
1/12,36,PERIODIC,2,1
1/9,36,PERIODIC,6,0
5/36,36,PERIODIC,6,1
1/6,36,PERIODIC,2,0
7/36,36,PERIODIC,6,1
2/9,36,PERIODIC,6,0
1/4,36,REACHES_ONE,0,2
5/18,36,PERIODIC,6,0
11/36,36,PERIODIC,6,1
1/3,36,PERIODIC,2,0
13/36,36,PERIODIC,6,1
7/18,36,PERIODIC,6,0
5/12,36,PERIODIC,2,1
4/9,36,PERIODIC,6,0
17/36,36,PERIODIC,6,1
1/2,36,REACHES_ONE,0,1
19/36,36,PERIODIC,6,1
5/9,36,PERIODIC,6,0
7/12,36,PERIODIC,2,1
11/18,36,PERIODIC,6,0
23/36,36,PERIODIC,6,1
2/3,36,PERIODIC,2,0
25/36,36,PERIODIC,6,1
13/18,36,PERIODIC,6,0
3/4,36,REACHES_ONE,0,2
7/9,36,PERIODIC,6,0
29/36,36,PERIODIC,6,1
5/6,36,PERIODIC,2,0
31/36,36,PERIODIC,6,1
8/9,36,PERIODIC,6,0
11/12,36,PERIODIC,2,1
17/18,36,PERIODIC,6,0
35/36,36,PERIODIC,6,1
1/37,37,PERIODIC,36,0
2/37,37,PERIODIC,36,0
3/37,37,PERIODIC,36,0
4/37,37,PERIODIC,36,0
5/37,37,PERIODIC,36,0
6/37,37,PERIODIC,36,0
7/37,37,PERIODIC,36,0
8/37,37,PERIODIC,36,0
9/37,37,PERIODIC,36,0
10/37,37,PERIODIC,36,0
11/37,37,PERIODIC,36,0
12/37,37,PERIODIC,36,0
13/37,37,PERIODIC,36,0
14/37,37,PERIODIC,36,0
15/37,37,PERIODIC,36,0
16/37,37,PERIODIC,36,0
17/37,37,PERIODIC,36,0
18/37,37,PERIODIC,36,0
19/37,37,PERIODIC,36,0
20/37,37,PERIODIC,36,0
21/37,37,PERIODIC,36,0
22/37,37,PERIODIC,36,0
23/37,37,PERIODIC,36,0
24/37,37,PERIODIC,36,0
25/37,37,PERIODIC,36,0
26/37,37,PERIODIC,36,0
27/37,37,PERIODIC,36,0
28/37,37,PERIODIC,36,0
29/37,37,PERIODIC,36,0
30/37,37,PERIODIC,36,0
31/37,37,PERIODIC,36,0
32/37,37,PERIODIC,36,0
33/37,37,PERIODIC,36,0
34/37,37,PERIODIC,36,0
35/37,37,PERIODIC,36,0
36/37,37,PERIODIC,36,0
1/38,38,PERIODIC,18,0
1/19,38,PERIODIC,18,0
3/38,38,PERIODIC,18,0
2/19,38,PERIODIC,18,0
5/38,38,PERIODIC,18,0
3/19,38,PERIODIC,18,0
7/38,38,PERIODIC,18,0
4/19,38,PERIODIC,18,0
9/38,38,PERIODIC,18,0
5/19,38,PERIODIC,18,0
11/38,38,PERIODIC,18,0
6/19,38,PERIODIC,18,0
13/38,38,PERIODIC,18,0
7/19,38,PERIODIC,18,0
15/38,38,PERIODIC,18,0
8/19,38,PERIODIC,18,0
17/38,38,PERIODIC,18,0
9/19,38,PERIODIC,18,0
1/2,38,REACHES_ONE,0,1
10/19,38,PERIODIC,18,0
21/38,38,PERIODIC,18,0
11/19,38,PERIODIC,18,0
23/38,38,PERIODIC,18,0
12/19,38,PERIODIC,18,0
25/38,38,PERIODIC,18,0
13/19,38,PERIODIC,18,0
27/38,38,PERIODIC,18,0
14/19,38,PERIODIC,18,0
29/38,38,PERIODIC,18,0
15/19,38,PERIODIC,18,0
31/38,38,PERIODIC,18,0
16/19,38,PERIODIC,18,0
33/38,38,PERIODIC,18,0
17/19,38,PERIODIC,18,0
35/38,38,PERIODIC,18,0
18/19,38,PERIODIC,18,0
37/38,38,PERIODIC,18,0
1/39,39,PERIODIC,12,0
2/39,39,PERIODIC,12,0
1/13,39,PERIODIC,12,0
4/39,39,PERIODIC,12,0
5/39,39,PERIODIC,12,0
2/13,39,PERIODIC,12,0
7/39,39,PERIODIC,12,0
8/39,39,PERIODIC,12,0
3/13,39,PERIODIC,12,0
10/39,39,PERIODIC,12,0
11/39,39,PERIODIC,12,0
4/13,39,PERIODIC,12,0
1/3,39,PERIODIC,2,0
14/39,39,PERIODIC,12,0
5/13,39,PERIODIC,12,0
16/39,39,PERIODIC,12,0
17/39,39,PERIODIC,12,0
6/13,39,PERIODIC,12,0
19/39,39,PERIODIC,12,0
20/39,39,PERIODIC,12,0
7/13,39,PERIODIC,12,0
22/39,39,PERIODIC,12,0
23/39,39,PERIODIC,12,0
8/13,39,PERIODIC,12,0
25/39,39,PERIODIC,12,0
2/3,39,PERIODIC,2,0
9/13,39,PERIODIC,12,0
28/39,39,PERIODIC,12,0
29/39,39,PERIODIC,12,0
10/13,39,PERIODIC,12,0
31/39,39,PERIODIC,12,0
32/39,39,PERIODIC,12,0
11/13,39,PERIODIC,12,0
34/39,39,PERIODIC,12,0
35/39,39,PERIODIC,12,0
12/13,39,PERIODIC,12,0
37/39,39,PERIODIC,12,0
38/39,39,PERIODIC,12,0
1/40,40,PERIODIC,4,2
1/20,40,PERIODIC,4,1
3/40,40,PERIODIC,4,2
1/10,40,PERIODIC,4,0
1/8,40,REACHES_ONE,0,3
3/20,40,PERIODIC,4,1
7/40,40,PERIODIC,4,2
1/5,40,PERIODIC,4,0
9/40,40,PERIODIC,4,2
1/4,40,REACHES_ONE,0,2
11/40,40,PERIODIC,4,2
3/10,40,PERIODIC,4,0
13/40,40,PERIODIC,4,2
7/20,40,PERIODIC,4,1
3/8,40,REACHES_ONE,0,3
2/5,40,PERIODIC,4,0
17/40,40,PERIODIC,4,2
9/20,40,PERIODIC,4,1
19/40,40,PERIODIC,4,2
1/2,40,REACHES_ONE,0,1
21/40,40,PERIODIC,4,2
11/20,40,PERIODIC,4,1
23/40,40,PERIODIC,4,2
3/5,40,PERIODIC,4,0
5/8,40,REACHES_ONE,0,3
13/20,40,PERIODIC,4,1
27/40,40,PERIODIC,4,2
7/10,40,PERIODIC,4,0
29/40,40,PERIODIC,4,2
3/4,40,REACHES_ONE,0,2
31/40,40,PERIODIC,4,2
4/5,40,PERIODIC,4,0
33/40,40,PERIODIC,4,2
17/20,40,PERIODIC,4,1
7/8,40,REACHES_ONE,0,3
9/10,40,PERIODIC,4,0
37/40,40,PERIODIC,4,2
19/20,40,PERIODIC,4,1
39/40,40,PERIODIC,4,2
1/41,41,PERIODIC,20,0
2/41,41,PERIODIC,20,0
3/41,41,PERIODIC,20,0
4/41,41,PERIODIC,20,0
5/41,41,PERIODIC,20,0
6/41,41,PERIODIC,20,0
7/41,41,PERIODIC,20,0
8/41,41,PERIODIC,20,0
9/41,41,PERIODIC,20,0
10/41,41,PERIODIC,20,0
11/41,41,PERIODIC,20,0
12/41,41,PERIODIC,20,0
13/41,41,PERIODIC,20,0
14/41,41,PERIODIC,20,0
15/41,41,PERIODIC,20,0
16/41,41,PERIODIC,20,0
17/41,41,PERIODIC,20,0
18/41,41,PERIODIC,20,0
19/41,41,PERIODIC,20,0
20/41,41,PERIODIC,20,0
21/41,41,PERIODIC,20,0
22/41,41,PERIODIC,20,0
23/41,41,PERIODIC,20,0
24/41,41,PERIODIC,20,0
25/41,41,PERIODIC,20,0
26/41,41,PERIODIC,20,0
27/41,41,PERIODIC,20,0
28/41,41,PERIODIC,20,0
29/41,41,PERIODIC,20,0
30/41,41,PERIODIC,20,0
31/41,41,PERIODIC,20,0
32/41,41,PERIODIC,20,0
33/41,41,PERIODIC,20,0
34/41,41,PERIODIC,20,0
35/41,41,PERIODIC,20,0
36/41,41,PERIODIC,20,0
37/41,41,PERIODIC,20,0
38/41,41,PERIODIC,20,0
39/41,41,PERIODIC,20,0
40/41,41,PERIODIC,20,0
1/42,42,PERIODIC,6,0
1/21,42,PERIODIC,6,0
1/14,42,PERIODIC,3,0
2/21,42,PERIODIC,6,0
5/42,42,PERIODIC,6,0
1/7,42,PERIODIC,3,0
1/6,42,PERIODIC,2,0
4/21,42,PERIODIC,6,0
3/14,42,PERIODIC,3,0
5/21,42,PERIODIC,6,0
11/42,42,PERIODIC,6,0
2/7,42,PERIODIC,3,0
13/42,42,PERIODIC,6,0
1/3,42,PERIODIC,2,0
5/14,42,PERIODIC,3,0
8/21,42,PERIODIC,6,0
17/42,42,PERIODIC,6,0
3/7,42,PERIODIC,3,0
19/42,42,PERIODIC,6,0
10/21,42,PERIODIC,6,0
1/2,42,REACHES_ONE,0,1
11/21,42,PERIODIC,6,0
23/42,42,PERIODIC,6,0
4/7,42,PERIODIC,3,0
25/42,42,PERIODIC,6,0
13/21,42,PERIODIC,6,0
9/14,42,PERIODIC,3,0
2/3,42,PERIODIC,2,0
29/42,42,PERIODIC,6,0
5/7,42,PERIODIC,3,0
31/42,42,PERIODIC,6,0
16/21,42,PERIODIC,6,0
11/14,42,PERIODIC,3,0
17/21,42,PERIODIC,6,0
5/6,42,PERIODIC,2,0
6/7,42,PERIODIC,3,0
37/42,42,PERIODIC,6,0
19/21,42,PERIODIC,6,0
13/14,42,PERIODIC,3,0
20/21,42,PERIODIC,6,0
41/42,42,PERIODIC,6,0
1/43,43,PERIODIC,14,0
2/43,43,PERIODIC,14,0
3/43,43,PERIODIC,14,0
4/43,43,PERIODIC,14,0
5/43,43,PERIODIC,14,0
6/43,43,PERIODIC,14,0
7/43,43,PERIODIC,14,0
8/43,43,PERIODIC,14,0
9/43,43,PERIODIC,14,0
10/43,43,PERIODIC,14,0
11/43,43,PERIODIC,14,0
12/43,43,PERIODIC,14,0
13/43,43,PERIODIC,14,0
14/43,43,PERIODIC,14,0
15/43,43,PERIODIC,14,0
16/43,43,PERIODIC,14,0
17/43,43,PERIODIC,14,0
18/43,43,PERIODIC,14,0
19/43,43,PERIODIC,14,0
20/43,43,PERIODIC,14,0
21/43,43,PERIODIC,14,0
22/43,43,PERIODIC,14,0
23/43,43,PERIODIC,14,0
24/43,43,PERIODIC,14,0
25/43,43,PERIODIC,14,0
26/43,43,PERIODIC,14,0
27/43,43,PERIODIC,14,0
28/43,43,PERIODIC,14,0
29/43,43,PERIODIC,14,0
30/43,43,PERIODIC,14,0
31/43,43,PERIODIC,14,0
32/43,43,PERIODIC,14,0
33/43,43,PERIODIC,14,0
34/43,43,PERIODIC,14,0
35/43,43,PERIODIC,14,0
36/43,43,PERIODIC,14,0
37/43,43,PERIODIC,14,0
38/43,43,PERIODIC,14,0
39/43,43,PERIODIC,14,0
40/43,43,PERIODIC,14,0
41/43,43,PERIODIC,14,0
42/43,43,PERIODIC,14,0
1/44,44,PERIODIC,10,1
1/22,44,PERIODIC,10,0
3/44,44,PERIODIC,10,1
1/11,44,PERIODIC,10,0
5/44,44,PERIODIC,10,1
3/22,44,PERIODIC,10,0
7/44,44,PERIODIC,10,1
2/11,44,PERIODIC,10,0
9/44,44,PERIODIC,10,1
5/22,44,PERIODIC,10,0
1/4,44,REACHES_ONE,0,2
3/11,44,PERIODIC,10,0
13/44,44,PERIODIC,10,1
7/22,44,PERIODIC,10,0
15/44,44,PERIODIC,10,1
4/11,44,PERIODIC,10,0
17/44,44,PERIODIC,10,1
9/22,44,PERIODIC,10,0
19/44,44,PERIODIC,10,1
5/11,44,PERIODIC,10,0
21/44,44,PERIODIC,10,1
1/2,44,REACHES_ONE,0,1
23/44,44,PERIODIC,10,1
6/11,44,PERIODIC,10,0
25/44,44,PERIODIC,10,1
13/22,44,PERIODIC,10,0
27/44,44,PERIODIC,10,1
7/11,44,PERIODIC,10,0
29/44,44,PERIODIC,10,1
15/22,44,PERIODIC,10,0
31/44,44,PERIODIC,10,1
8/11,44,PERIODIC,10,0
3/4,44,REACHES_ONE,0,2
17/22,44,PERIODIC,10,0
35/44,44,PERIODIC,10,1
9/11,44,PERIODIC,10,0
37/44,44,PERIODIC,10,1
19/22,44,PERIODIC,10,0
39/44,44,PERIODIC,10,1
10/11,44,PERIODIC,10,0
41/44,44,PERIODIC,10,1
21/22,44,PERIODIC,10,0
43/44,44,PERIODIC,10,1
1/45,45,PERIODIC,12,0
2/45,45,PERIODIC,12,0
1/15,45,PERIODIC,4,0
4/45,45,PERIODIC,12,0
1/9,45,PERIODIC,6,0
2/15,45,PERIODIC,4,0
7/45,45,PERIODIC,12,0
8/45,45,PERIODIC,12,0
1/5,45,PERIODIC,4,0
2/9,45,PERIODIC,6,0
11/45,45,PERIODIC,12,0
4/15,45,PERIODIC,4,0
13/45,45,PERIODIC,12,0
14/45,45,PERIODIC,12,0
1/3,45,PERIODIC,2,0
16/45,45,PERIODIC,12,0
17/45,45,PERIODIC,12,0
2/5,45,PERIODIC,4,0
19/45,45,PERIODIC,12,0
4/9,45,PERIODIC,6,0
7/15,45,PERIODIC,4,0
22/45,45,PERIODIC,12,0
23/45,45,PERIODIC,12,0
8/15,45,PERIODIC,4,0
5/9,45,PERIODIC,6,0
26/45,45,PERIODIC,12,0
3/5,45,PERIODIC,4,0
28/45,45,PERIODIC,12,0
29/45,45,PERIODIC,12,0
2/3,45,PERIODIC,2,0
31/45,45,PERIODIC,12,0
32/45,45,PERIODIC,12,0
11/15,45,PERIODIC,4,0
34/45,45,PERIODIC,12,0
7/9,45,PERIODIC,6,0
4/5,45,PERIODIC,4,0
37/45,45,PERIODIC,12,0
38/45,45,PERIODIC,12,0
13/15,45,PERIODIC,4,0
8/9,45,PERIODIC,6,0
41/45,45,PERIODIC,12,0
14/15,45,PERIODIC,4,0
43/45,45,PERIODIC,12,0
44/45,45,PERIODIC,12,0
1/46,46,PERIODIC,11,0
1/23,46,PERIODIC,11,0
3/46,46,PERIODIC,11,0
2/23,46,PERIODIC,11,0
5/46,46,PERIODIC,11,0
3/23,46,PERIODIC,11,0
7/46,46,PERIODIC,11,0
4/23,46,PERIODIC,11,0
9/46,46,PERIODIC,11,0
5/23,46,PERIODIC,11,0
11/46,46,PERIODIC,11,0
6/23,46,PERIODIC,11,0
13/46,46,PERIODIC,11,0
7/23,46,PERIODIC,11,0
15/46,46,PERIODIC,11,0
8/23,46,PERIODIC,11,0
17/46,46,PERIODIC,11,0
9/23,46,PERIODIC,11,0
19/46,46,PERIODIC,11,0
10/23,46,PERIODIC,11,0
21/46,46,PERIODIC,11,0
11/23,46,PERIODIC,11,0
1/2,46,REACHES_ONE,0,1
12/23,46,PERIODIC,11,0
25/46,46,PERIODIC,11,0
13/23,46,PERIODIC,11,0
27/46,46,PERIODIC,11,0
14/23,46,PERIODIC,11,0
29/46,46,PERIODIC,11,0
15/23,46,PERIODIC,11,0
31/46,46,PERIODIC,11,0
16/23,46,PERIODIC,11,0
33/46,46,PERIODIC,11,0
17/23,46,PERIODIC,11,0
35/46,46,PERIODIC,11,0
18/23,46,PERIODIC,11,0
37/46,46,PERIODIC,11,0
19/23,46,PERIODIC,11,0
39/46,46,PERIODIC,11,0
20/23,46,PERIODIC,11,0
41/46,46,PERIODIC,11,0
21/23,46,PERIODIC,11,0
43/46,46,PERIODIC,11,0
22/23,46,PERIODIC,11,0
45/46,46,PERIODIC,11,0
1/47,47,PERIODIC,23,0
2/47,47,PERIODIC,23,0
3/47,47,PERIODIC,23,0
4/47,47,PERIODIC,23,0
5/47,47,PERIODIC,23,0
6/47,47,PERIODIC,23,0
7/47,47,PERIODIC,23,0
8/47,47,PERIODIC,23,0
9/47,47,PERIODIC,23,0
10/47,47,PERIODIC,23,0
11/47,47,PERIODIC,23,0
12/47,47,PERIODIC,23,0
13/47,47,PERIODIC,23,0
14/47,47,PERIODIC,23,0
15/47,47,PERIODIC,23,0
16/47,47,PERIODIC,23,0
17/47,47,PERIODIC,23,0
18/47,47,PERIODIC,23,0
19/47,47,PERIODIC,23,0
20/47,47,PERIODIC,23,0
21/47,47,PERIODIC,23,0
22/47,47,PERIODIC,23,0
23/47,47,PERIODIC,23,0
24/47,47,PERIODIC,23,0
25/47,47,PERIODIC,23,0
26/47,47,PERIODIC,23,0
27/47,47,PERIODIC,23,0
28/47,47,PERIODIC,23,0
29/47,47,PERIODIC,23,0
30/47,47,PERIODIC,23,0
31/47,47,PERIODIC,23,0
32/47,47,PERIODIC,23,0
33/47,47,PERIODIC,23,0
34/47,47,PERIODIC,23,0
35/47,47,PERIODIC,23,0
36/47,47,PERIODIC,23,0
37/47,47,PERIODIC,23,0
38/47,47,PERIODIC,23,0
39/47,47,PERIODIC,23,0
40/47,47,PERIODIC,23,0
41/47,47,PERIODIC,23,0
42/47,47,PERIODIC,23,0
43/47,47,PERIODIC,23,0
44/47,47,PERIODIC,23,0
45/47,47,PERIODIC,23,0
46/47,47,PERIODIC,23,0
1/48,48,PERIODIC,2,3
1/24,48,PERIODIC,2,2
1/16,48,REACHES_ONE,0,4
1/12,48,PERIODIC,2,1
5/48,48,PERIODIC,2,3
1/8,48,REACHES_ONE,0,3
7/48,48,PERIODIC,2,3
1/6,48,PERIODIC,2,0
3/16,48,REACHES_ONE,0,4
5/24,48,PERIODIC,2,2
11/48,48,PERIODIC,2,3
1/4,48,REACHES_ONE,0,2
13/48,48,PERIODIC,2,3
7/24,48,PERIODIC,2,2
5/16,48,REACHES_ONE,0,4
1/3,48,PERIODIC,2,0
17/48,48,PERIODIC,2,3
3/8,48,REACHES_ONE,0,3
19/48,48,PERIODIC,2,3
5/12,48,PERIODIC,2,1
7/16,48,REACHES_ONE,0,4
11/24,48,PERIODIC,2,2
23/48,48,PERIODIC,2,3
1/2,48,REACHES_ONE,0,1
25/48,48,PERIODIC,2,3
13/24,48,PERIODIC,2,2
9/16,48,REACHES_ONE,0,4
7/12,48,PERIODIC,2,1
29/48,48,PERIODIC,2,3
5/8,48,REACHES_ONE,0,3
31/48,48,PERIODIC,2,3
2/3,48,PERIODIC,2,0
11/16,48,REACHES_ONE,0,4
17/24,48,PERIODIC,2,2
35/48,48,PERIODIC,2,3
3/4,48,REACHES_ONE,0,2
37/48,48,PERIODIC,2,3
19/24,48,PERIODIC,2,2
13/16,48,REACHES_ONE,0,4
5/6,48,PERIODIC,2,0
41/48,48,PERIODIC,2,3
7/8,48,REACHES_ONE,0,3
43/48,48,PERIODIC,2,3
11/12,48,PERIODIC,2,1
15/16,48,REACHES_ONE,0,4
23/24,48,PERIODIC,2,2
47/48,48,PERIODIC,2,3
1/49,49,PERIODIC,21,0
2/49,49,PERIODIC,21,0
3/49,49,PERIODIC,21,0
4/49,49,PERIODIC,21,0
5/49,49,PERIODIC,21,0
6/49,49,PERIODIC,21,0
1/7,49,PERIODIC,3,0
8/49,49,PERIODIC,21,0
9/49,49,PERIODIC,21,0
10/49,49,PERIODIC,21,0
11/49,49,PERIODIC,21,0
12/49,49,PERIODIC,21,0
13/49,49,PERIODIC,21,0
2/7,49,PERIODIC,3,0
15/49,49,PERIODIC,21,0
16/49,49,PERIODIC,21,0
17/49,49,PERIODIC,21,0
18/49,49,PERIODIC,21,0
19/49,49,PERIODIC,21,0
20/49,49,PERIODIC,21,0
3/7,49,PERIODIC,3,0
22/49,49,PERIODIC,21,0
23/49,49,PERIODIC,21,0
24/49,49,PERIODIC,21,0
25/49,49,PERIODIC,21,0
26/49,49,PERIODIC,21,0
27/49,49,PERIODIC,21,0
4/7,49,PERIODIC,3,0
29/49,49,PERIODIC,21,0
30/49,49,PERIODIC,21,0
31/49,49,PERIODIC,21,0
32/49,49,PERIODIC,21,0
33/49,49,PERIODIC,21,0
34/49,49,PERIODIC,21,0
5/7,49,PERIODIC,3,0
36/49,49,PERIODIC,21,0
37/49,49,PERIODIC,21,0
38/49,49,PERIODIC,21,0
39/49,49,PERIODIC,21,0
40/49,49,PERIODIC,21,0
41/49,49,PERIODIC,21,0
6/7,49,PERIODIC,3,0
43/49,49,PERIODIC,21,0
44/49,49,PERIODIC,21,0
45/49,49,PERIODIC,21,0
46/49,49,PERIODIC,21,0
47/49,49,PERIODIC,21,0
48/49,49,PERIODIC,21,0
1/50,50,PERIODIC,20,0
1/25,50,PERIODIC,20,0
3/50,50,PERIODIC,20,0
2/25,50,PERIODIC,20,0
1/10,50,PERIODIC,4,0
3/25,50,PERIODIC,20,0
7/50,50,PERIODIC,20,0
4/25,50,PERIODIC,20,0
9/50,50,PERIODIC,20,0
1/5,50,PERIODIC,4,0
11/50,50,PERIODIC,20,0
6/25,50,PERIODIC,20,0
13/50,50,PERIODIC,20,0
7/25,50,PERIODIC,20,0
3/10,50,PERIODIC,4,0
8/25,50,PERIODIC,20,0
17/50,50,PERIODIC,20,0
9/25,50,PERIODIC,20,0
19/50,50,PERIODIC,20,0
2/5,50,PERIODIC,4,0
21/50,50,PERIODIC,20,0
11/25,50,PERIODIC,20,0
23/50,50,PERIODIC,20,0
12/25,50,PERIODIC,20,0
1/2,50,REACHES_ONE,0,1
13/25,50,PERIODIC,20,0
27/50,50,PERIODIC,20,0
14/25,50,PERIODIC,20,0
29/50,50,PERIODIC,20,0
3/5,50,PERIODIC,4,0
31/50,50,PERIODIC,20,0
16/25,50,PERIODIC,20,0
33/50,50,PERIODIC,20,0
17/25,50,PERIODIC,20,0
7/10,50,PERIODIC,4,0
18/25,50,PERIODIC,20,0
37/50,50,PERIODIC,20,0
19/25,50,PERIODIC,20,0
39/50,50,PERIODIC,20,0
4/5,50,PERIODIC,4,0
41/50,50,PERIODIC,20,0
21/25,50,PERIODIC,20,0
43/50,50,PERIODIC,20,0
22/25,50,PERIODIC,20,0
9/10,50,PERIODIC,4,0
23/25,50,PERIODIC,20,0
47/50,50,PERIODIC,20,0
24/25,50,PERIODIC,20,0
49/50,50,PERIODIC,20,0
1/51,51,PERIODIC,8,0
2/51,51,PERIODIC,8,0
1/17,51,PERIODIC,8,0
4/51,51,PERIODIC,8,0
5/51,51,PERIODIC,8,0
2/17,51,PERIODIC,8,0
7/51,51,PERIODIC,8,0
8/51,51,PERIODIC,8,0
3/17,51,PERIODIC,8,0
10/51,51,PERIODIC,8,0
11/51,51,PERIODIC,8,0
4/17,51,PERIODIC,8,0
13/51,51,PERIODIC,8,0
14/51,51,PERIODIC,8,0
5/17,51,PERIODIC,8,0
16/51,51,PERIODIC,8,0
1/3,51,PERIODIC,2,0
6/17,51,PERIODIC,8,0
19/51,51,PERIODIC,8,0
20/51,51,PERIODIC,8,0
7/17,51,PERIODIC,8,0
22/51,51,PERIODIC,8,0
23/51,51,PERIODIC,8,0
8/17,51,PERIODIC,8,0
25/51,51,PERIODIC,8,0
26/51,51,PERIODIC,8,0
9/17,51,PERIODIC,8,0
28/51,51,PERIODIC,8,0
29/51,51,PERIODIC,8,0
10/17,51,PERIODIC,8,0
31/51,51,PERIODIC,8,0
32/51,51,PERIODIC,8,0
11/17,51,PERIODIC,8,0
2/3,51,PERIODIC,2,0
35/51,51,PERIODIC,8,0
12/17,51,PERIODIC,8,0
37/51,51,PERIODIC,8,0
38/51,51,PERIODIC,8,0
13/17,51,PERIODIC,8,0
40/51,51,PERIODIC,8,0
41/51,51,PERIODIC,8,0
14/17,51,PERIODIC,8,0
43/51,51,PERIODIC,8,0
44/51,51,PERIODIC,8,0
15/17,51,PERIODIC,8,0
46/51,51,PERIODIC,8,0
47/51,51,PERIODIC,8,0
16/17,51,PERIODIC,8,0
49/51,51,PERIODIC,8,0
50/51,51,PERIODIC,8,0
1/52,52,PERIODIC,12,1
1/26,52,PERIODIC,12,0
3/52,52,PERIODIC,12,1
1/13,52,PERIODIC,12,0
5/52,52,PERIODIC,12,1
3/26,52,PERIODIC,12,0
7/52,52,PERIODIC,12,1
2/13,52,PERIODIC,12,0
9/52,52,PERIODIC,12,1
5/26,52,PERIODIC,12,0
11/52,52,PERIODIC,12,1
3/13,52,PERIODIC,12,0
1/4,52,REACHES_ONE,0,2
7/26,52,PERIODIC,12,0
15/52,52,PERIODIC,12,1
4/13,52,PERIODIC,12,0
17/52,52,PERIODIC,12,1
9/26,52,PERIODIC,12,0
19/52,52,PERIODIC,12,1
5/13,52,PERIODIC,12,0
21/52,52,PERIODIC,12,1
11/26,52,PERIODIC,12,0
23/52,52,PERIODIC,12,1
6/13,52,PERIODIC,12,0
25/52,52,PERIODIC,12,1
1/2,52,REACHES_ONE,0,1
27/52,52,PERIODIC,12,1
7/13,52,PERIODIC,12,0
29/52,52,PERIODIC,12,1
15/26,52,PERIODIC,12,0
31/52,52,PERIODIC,12,1
8/13,52,PERIODIC,12,0
33/52,52,PERIODIC,12,1
17/26,52,PERIODIC,12,0
35/52,52,PERIODIC,12,1
9/13,52,PERIODIC,12,0
37/52,52,PERIODIC,12,1
19/26,52,PERIODIC,12,0
3/4,52,REACHES_ONE,0,2
10/13,52,PERIODIC,12,0
41/52,52,PERIODIC,12,1
21/26,52,PERIODIC,12,0
43/52,52,PERIODIC,12,1
11/13,52,PERIODIC,12,0
45/52,52,PERIODIC,12,1
23/26,52,PERIODIC,12,0
47/52,52,PERIODIC,12,1
12/13,52,PERIODIC,12,0
49/52,52,PERIODIC,12,1
25/26,52,PERIODIC,12,0
51/52,52,PERIODIC,12,1
1/53,53,PERIODIC,52,0
2/53,53,PERIODIC,52,0
3/53,53,PERIODIC,52,0
4/53,53,PERIODIC,52,0
5/53,53,PERIODIC,52,0
6/53,53,PERIODIC,52,0
7/53,53,PERIODIC,52,0
8/53,53,PERIODIC,52,0
9/53,53,PERIODIC,52,0
10/53,53,PERIODIC,52,0
11/53,53,PERIODIC,52,0
12/53,53,PERIODIC,52,0
13/53,53,PERIODIC,52,0
14/53,53,PERIODIC,52,0
15/53,53,PERIODIC,52,0
16/53,53,PERIODIC,52,0
17/53,53,PERIODIC,52,0
18/53,53,PERIODIC,52,0
19/53,53,PERIODIC,52,0
20/53,53,PERIODIC,52,0
21/53,53,PERIODIC,52,0
22/53,53,PERIODIC,52,0
23/53,53,PERIODIC,52,0
24/53,53,PERIODIC,52,0
25/53,53,PERIODIC,52,0
26/53,53,PERIODIC,52,0
27/53,53,PERIODIC,52,0
28/53,53,PERIODIC,52,0
29/53,53,PERIODIC,52,0
30/53,53,PERIODIC,52,0
31/53,53,PERIODIC,52,0
32/53,53,PERIODIC,52,0
33/53,53,PERIODIC,52,0
34/53,53,PERIODIC,52,0
35/53,53,PERIODIC,52,0
36/53,53,PERIODIC,52,0
37/53,53,PERIODIC,52,0
38/53,53,PERIODIC,52,0
39/53,53,PERIODIC,52,0
40/53,53,PERIODIC,52,0
41/53,53,PERIODIC,52,0
42/53,53,PERIODIC,52,0
43/53,53,PERIODIC,52,0
44/53,53,PERIODIC,52,0
45/53,53,PERIODIC,52,0
46/53,53,PERIODIC,52,0
47/53,53,PERIODIC,52,0
48/53,53,PERIODIC,52,0
49/53,53,PERIODIC,52,0
50/53,53,PERIODIC,52,0
51/53,53,PERIODIC,52,0
52/53,53,PERIODIC,52,0
1/54,54,PERIODIC,18,0
1/27,54,PERIODIC,18,0
1/18,54,PERIODIC,6,0
2/27,54,PERIODIC,18,0
5/54,54,PERIODIC,18,0
1/9,54,PERIODIC,6,0
7/54,54,PERIODIC,18,0
4/27,54,PERIODIC,18,0
1/6,54,PERIODIC,2,0
5/27,54,PERIODIC,18,0
11/54,54,PERIODIC,18,0
2/9,54,PERIODIC,6,0
13/54,54,PERIODIC,18,0
7/27,54,PERIODIC,18,0
5/18,54,PERIODIC,6,0
8/27,54,PERIODIC,18,0
17/54,54,PERIODIC,18,0
1/3,54,PERIODIC,2,0
19/54,54,PERIODIC,18,0
10/27,54,PERIODIC,18,0
7/18,54,PERIODIC,6,0
11/27,54,PERIODIC,18,0
23/54,54,PERIODIC,18,0
4/9,54,PERIODIC,6,0
25/54,54,PERIODIC,18,0
13/27,54,PERIODIC,18,0
1/2,54,REACHES_ONE,0,1
14/27,54,PERIODIC,18,0
29/54,54,PERIODIC,18,0
5/9,54,PERIODIC,6,0
31/54,54,PERIODIC,18,0
16/27,54,PERIODIC,18,0
11/18,54,PERIODIC,6,0
17/27,54,PERIODIC,18,0
35/54,54,PERIODIC,18,0
2/3,54,PERIODIC,2,0
37/54,54,PERIODIC,18,0
19/27,54,PERIODIC,18,0
13/18,54,PERIODIC,6,0
20/27,54,PERIODIC,18,0
41/54,54,PERIODIC,18,0
7/9,54,PERIODIC,6,0
43/54,54,PERIODIC,18,0
22/27,54,PERIODIC,18,0
5/6,54,PERIODIC,2,0
23/27,54,PERIODIC,18,0
47/54,54,PERIODIC,18,0
8/9,54,PERIODIC,6,0
49/54,54,PERIODIC,18,0
25/27,54,PERIODIC,18,0
17/18,54,PERIODIC,6,0
26/27,54,PERIODIC,18,0
53/54,54,PERIODIC,18,0
1/55,55,PERIODIC,20,0
2/55,55,PERIODIC,20,0
3/55,55,PERIODIC,20,0
4/55,55,PERIODIC,20,0
1/11,55,PERIODIC,10,0
6/55,55,PERIODIC,20,0
7/55,55,PERIODIC,20,0
8/55,55,PERIODIC,20,0
9/55,55,PERIODIC,20,0
2/11,55,PERIODIC,10,0
1/5,55,PERIODIC,4,0
12/55,55,PERIODIC,20,0
13/55,55,PERIODIC,20,0
14/55,55,PERIODIC,20,0
3/11,55,PERIODIC,10,0
16/55,55,PERIODIC,20,0
17/55,55,PERIODIC,20,0
18/55,55,PERIODIC,20,0
19/55,55,PERIODIC,20,0
4/11,55,PERIODIC,10,0
21/55,55,PERIODIC,20,0
2/5,55,PERIODIC,4,0
23/55,55,PERIODIC,20,0
24/55,55,PERIODIC,20,0
5/11,55,PERIODIC,10,0
26/55,55,PERIODIC,20,0
27/55,55,PERIODIC,20,0
28/55,55,PERIODIC,20,0
29/55,55,PERIODIC,20,0
6/11,55,PERIODIC,10,0
31/55,55,PERIODIC,20,0
32/55,55,PERIODIC,20,0
3/5,55,PERIODIC,4,0
34/55,55,PERIODIC,20,0
7/11,55,PERIODIC,10,0
36/55,55,PERIODIC,20,0
37/55,55,PERIODIC,20,0
38/55,55,PERIODIC,20,0
39/55,55,PERIODIC,20,0
8/11,55,PERIODIC,10,0
41/55,55,PERIODIC,20,0
42/55,55,PERIODIC,20,0
43/55,55,PERIODIC,20,0
4/5,55,PERIODIC,4,0
9/11,55,PERIODIC,10,0
46/55,55,PERIODIC,20,0
47/55,55,PERIODIC,20,0
48/55,55,PERIODIC,20,0
49/55,55,PERIODIC,20,0
10/11,55,PERIODIC,10,0
51/55,55,PERIODIC,20,0
52/55,55,PERIODIC,20,0
53/55,55,PERIODIC,20,0
54/55,55,PERIODIC,20,0
1/56,56,PERIODIC,3,2
1/28,56,PERIODIC,3,1
3/56,56,PERIODIC,3,2
1/14,56,PERIODIC,3,0
5/56,56,PERIODIC,3,2
3/28,56,PERIODIC,3,1
1/8,56,REACHES_ONE,0,3
1/7,56,PERIODIC,3,0
9/56,56,PERIODIC,3,2
5/28,56,PERIODIC,3,1
11/56,56,PERIODIC,3,2
3/14,56,PERIODIC,3,0
13/56,56,PERIODIC,3,2
1/4,56,REACHES_ONE,0,2
15/56,56,PERIODIC,3,2
2/7,56,PERIODIC,3,0
17/56,56,PERIODIC,3,2
9/28,56,PERIODIC,3,1
19/56,56,PERIODIC,3,2
5/14,56,PERIODIC,3,0
3/8,56,REACHES_ONE,0,3
11/28,56,PERIODIC,3,1
23/56,56,PERIODIC,3,2
3/7,56,PERIODIC,3,0
25/56,56,PERIODIC,3,2
13/28,56,PERIODIC,3,1
27/56,56,PERIODIC,3,2
1/2,56,REACHES_ONE,0,1
29/56,56,PERIODIC,3,2
15/28,56,PERIODIC,3,1
31/56,56,PERIODIC,3,2
4/7,56,PERIODIC,3,0
33/56,56,PERIODIC,3,2
17/28,56,PERIODIC,3,1
5/8,56,REACHES_ONE,0,3
9/14,56,PERIODIC,3,0
37/56,56,PERIODIC,3,2
19/28,56,PERIODIC,3,1
39/56,56,PERIODIC,3,2
5/7,56,PERIODIC,3,0
41/56,56,PERIODIC,3,2
3/4,56,REACHES_ONE,0,2
43/56,56,PERIODIC,3,2
11/14,56,PERIODIC,3,0
45/56,56,PERIODIC,3,2
23/28,56,PERIODIC,3,1
47/56,56,PERIODIC,3,2
6/7,56,PERIODIC,3,0
7/8,56,REACHES_ONE,0,3
25/28,56,PERIODIC,3,1
51/56,56,PERIODIC,3,2
13/14,56,PERIODIC,3,0
53/56,56,PERIODIC,3,2
27/28,56,PERIODIC,3,1
55/56,56,PERIODIC,3,2
1/57,57,PERIODIC,18,0
2/57,57,PERIODIC,18,0
1/19,57,PERIODIC,18,0
4/57,57,PERIODIC,18,0
5/57,57,PERIODIC,18,0
2/19,57,PERIODIC,18,0
7/57,57,PERIODIC,18,0
8/57,57,PERIODIC,18,0
3/19,57,PERIODIC,18,0
10/57,57,PERIODIC,18,0
11/57,57,PERIODIC,18,0
4/19,57,PERIODIC,18,0
13/57,57,PERIODIC,18,0
14/57,57,PERIODIC,18,0
5/19,57,PERIODIC,18,0
16/57,57,PERIODIC,18,0
17/57,57,PERIODIC,18,0
6/19,57,PERIODIC,18,0
1/3,57,PERIODIC,2,0
20/57,57,PERIODIC,18,0
7/19,57,PERIODIC,18,0
22/57,57,PERIODIC,18,0
23/57,57,PERIODIC,18,0
8/19,57,PERIODIC,18,0
25/57,57,PERIODIC,18,0
26/57,57,PERIODIC,18,0
9/19,57,PERIODIC,18,0
28/57,57,PERIODIC,18,0
29/57,57,PERIODIC,18,0
10/19,57,PERIODIC,18,0
31/57,57,PERIODIC,18,0
32/57,57,PERIODIC,18,0
11/19,57,PERIODIC,18,0
34/57,57,PERIODIC,18,0
35/57,57,PERIODIC,18,0
12/19,57,PERIODIC,18,0
37/57,57,PERIODIC,18,0
2/3,57,PERIODIC,2,0
13/19,57,PERIODIC,18,0
40/57,57,PERIODIC,18,0
41/57,57,PERIODIC,18,0
14/19,57,PERIODIC,18,0
43/57,57,PERIODIC,18,0
44/57,57,PERIODIC,18,0
15/19,57,PERIODIC,18,0
46/57,57,PERIODIC,18,0
47/57,57,PERIODIC,18,0
16/19,57,PERIODIC,18,0
49/57,57,PERIODIC,18,0
50/57,57,PERIODIC,18,0
17/19,57,PERIODIC,18,0
52/57,57,PERIODIC,18,0
53/57,57,PERIODIC,18,0
18/19,57,PERIODIC,18,0
55/57,57,PERIODIC,18,0
56/57,57,PERIODIC,18,0
1/58,58,PERIODIC,28,0
1/29,58,PERIODIC,28,0
3/58,58,PERIODIC,28,0
2/29,58,PERIODIC,28,0
5/58,58,PERIODIC,28,0
3/29,58,PERIODIC,28,0
7/58,58,PERIODIC,28,0
4/29,58,PERIODIC,28,0
9/58,58,PERIODIC,28,0
5/29,58,PERIODIC,28,0
11/58,58,PERIODIC,28,0
6/29,58,PERIODIC,28,0
13/58,58,PERIODIC,28,0
7/29,58,PERIODIC,28,0
15/58,58,PERIODIC,28,0
8/29,58,PERIODIC,28,0
17/58,58,PERIODIC,28,0
9/29,58,PERIODIC,28,0
19/58,58,PERIODIC,28,0
10/29,58,PERIODIC,28,0
21/58,58,PERIODIC,28,0
11/29,58,PERIODIC,28,0
23/58,58,PERIODIC,28,0
12/29,58,PERIODIC,28,0
25/58,58,PERIODIC,28,0
13/29,58,PERIODIC,28,0
27/58,58,PERIODIC,28,0
14/29,58,PERIODIC,28,0
1/2,58,REACHES_ONE,0,1
15/29,58,PERIODIC,28,0
31/58,58,PERIODIC,28,0
16/29,58,PERIODIC,28,0
33/58,58,PERIODIC,28,0
17/29,58,PERIODIC,28,0
35/58,58,PERIODIC,28,0
18/29,58,PERIODIC,28,0
37/58,58,PERIODIC,28,0
19/29,58,PERIODIC,28,0
39/58,58,PERIODIC,28,0
20/29,58,PERIODIC,28,0
41/58,58,PERIODIC,28,0
21/29,58,PERIODIC,28,0
43/58,58,PERIODIC,28,0
22/29,58,PERIODIC,28,0
45/58,58,PERIODIC,28,0
23/29,58,PERIODIC,28,0
47/58,58,PERIODIC,28,0
24/29,58,PERIODIC,28,0
49/58,58,PERIODIC,28,0
25/29,58,PERIODIC,28,0
51/58,58,PERIODIC,28,0
26/29,58,PERIODIC,28,0
53/58,58,PERIODIC,28,0
27/29,58,PERIODIC,28,0
55/58,58,PERIODIC,28,0
28/29,58,PERIODIC,28,0
57/58,58,PERIODIC,28,0
1/59,59,PERIODIC,58,0
2/59,59,PERIODIC,58,0
3/59,59,PERIODIC,58,0
4/59,59,PERIODIC,58,0
5/59,59,PERIODIC,58,0
6/59,59,PERIODIC,58,0
7/59,59,PERIODIC,58,0
8/59,59,PERIODIC,58,0
9/59,59,PERIODIC,58,0
10/59,59,PERIODIC,58,0
11/59,59,PERIODIC,58,0
12/59,59,PERIODIC,58,0
13/59,59,PERIODIC,58,0
14/59,59,PERIODIC,58,0
15/59,59,PERIODIC,58,0
16/59,59,PERIODIC,58,0
17/59,59,PERIODIC,58,0
18/59,59,PERIODIC,58,0
19/59,59,PERIODIC,58,0
20/59,59,PERIODIC,58,0
21/59,59,PERIODIC,58,0
22/59,59,PERIODIC,58,0
23/59,59,PERIODIC,58,0
24/59,59,PERIODIC,58,0
25/59,59,PERIODIC,58,0
26/59,59,PERIODIC,58,0
27/59,59,PERIODIC,58,0
28/59,59,PERIODIC,58,0
29/59,59,PERIODIC,58,0
30/59,59,PERIODIC,58,0
31/59,59,PERIODIC,58,0
32/59,59,PERIODIC,58,0
33/59,59,PERIODIC,58,0
34/59,59,PERIODIC,58,0
35/59,59,PERIODIC,58,0
36/59,59,PERIODIC,58,0
37/59,59,PERIODIC,58,0
38/59,59,PERIODIC,58,0
39/59,59,PERIODIC,58,0
40/59,59,PERIODIC,58,0
41/59,59,PERIODIC,58,0
42/59,59,PERIODIC,58,0
43/59,59,PERIODIC,58,0
44/59,59,PERIODIC,58,0
45/59,59,PERIODIC,58,0
46/59,59,PERIODIC,58,0
47/59,59,PERIODIC,58,0
48/59,59,PERIODIC,58,0
49/59,59,PERIODIC,58,0
50/59,59,PERIODIC,58,0
51/59,59,PERIODIC,58,0
52/59,59,PERIODIC,58,0
53/59,59,PERIODIC,58,0
54/59,59,PERIODIC,58,0
55/59,59,PERIODIC,58,0
56/59,59,PERIODIC,58,0
57/59,59,PERIODIC,58,0
58/59,59,PERIODIC,58,0
1/60,60,PERIODIC,4,1
1/30,60,PERIODIC,4,0
1/20,60,PERIODIC,4,1
1/15,60,PERIODIC,4,0
1/12,60,PERIODIC,2,1
1/10,60,PERIODIC,4,0
7/60,60,PERIODIC,4,1
2/15,60,PERIODIC,4,0
3/20,60,PERIODIC,4,1
1/6,60,PERIODIC,2,0
11/60,60,PERIODIC,4,1
1/5,60,PERIODIC,4,0
13/60,60,PERIODIC,4,1
7/30,60,PERIODIC,4,0
1/4,60,REACHES_ONE,0,2
4/15,60,PERIODIC,4,0
17/60,60,PERIODIC,4,1
3/10,60,PERIODIC,4,0
19/60,60,PERIODIC,4,1
1/3,60,PERIODIC,2,0
7/20,60,PERIODIC,4,1
11/30,60,PERIODIC,4,0
23/60,60,PERIODIC,4,1
2/5,60,PERIODIC,4,0
5/12,60,PERIODIC,2,1
13/30,60,PERIODIC,4,0
9/20,60,PERIODIC,4,1
7/15,60,PERIODIC,4,0
29/60,60,PERIODIC,4,1
1/2,60,REACHES_ONE,0,1
31/60,60,PERIODIC,4,1
8/15,60,PERIODIC,4,0
11/20,60,PERIODIC,4,1
17/30,60,PERIODIC,4,0
7/12,60,PERIODIC,2,1
3/5,60,PERIODIC,4,0
37/60,60,PERIODIC,4,1
19/30,60,PERIODIC,4,0
13/20,60,PERIODIC,4,1
2/3,60,PERIODIC,2,0
41/60,60,PERIODIC,4,1
7/10,60,PERIODIC,4,0
43/60,60,PERIODIC,4,1
11/15,60,PERIODIC,4,0
3/4,60,REACHES_ONE,0,2
23/30,60,PERIODIC,4,0
47/60,60,PERIODIC,4,1
4/5,60,PERIODIC,4,0
49/60,60,PERIODIC,4,1
5/6,60,PERIODIC,2,0
17/20,60,PERIODIC,4,1
13/15,60,PERIODIC,4,0
53/60,60,PERIODIC,4,1
9/10,60,PERIODIC,4,0
11/12,60,PERIODIC,2,1
14/15,60,PERIODIC,4,0
19/20,60,PERIODIC,4,1
29/30,60,PERIODIC,4,0
59/60,60,PERIODIC,4,1
